time_utc,sea_mean_deviation_m,model_lon,model_lat
2026-10-01T23:00:00.000Z,-0.47453117,8.430709816515446,55.45863649994135
2026-10-02T00:00:00.000Z,-0.26986504,8.430709816515446,55.45863649994135
2026-10-02T01:00:00.000Z,0.0052270293,8.430709816515446,55.45863649994135
2026-10-02T02:00:00.000Z,0.32456863,8.430709816515446,55.45863649994135
2026-10-02T03:00:00.000Z,0.6788421,8.430709816515446,55.45863649994135
2026-10-02T04:00:00.000Z,0.95493686,8.430709816515446,55.45863649994135
2026-10-02T05:00:00.000Z,1.0651932,8.430709816515446,55.45863649994135
2026-10-02T06:00:00.000Z,0.8474474,8.430709816515446,55.45863649994135
2026-10-02T07:00:00.000Z,0.540781,8.430709816515446,55.45863649994135
2026-10-02T08:00:00.000Z,0.19811821,8.430709816515446,55.45863649994135
2026-10-02T09:00:00.000Z,-0.16863537,8.430709816515446,55.45863649994135
2026-10-02T10:00:00.000Z,-0.4956026,8.430709816515446,55.45863649994135
2026-10-02T11:00:00.000Z,-0.72759914,8.430709816515446,55.45863649994135
2026-10-02T12:00:00.000Z,-0.7942953,8.430709816515446,55.45863649994135
2026-10-02T13:00:00.000Z,-0.48401165,8.430709816515446,55.45863649994135
2026-10-02T14:00:00.000Z,-0.15276271,8.430709816515446,55.45863649994135
2026-10-02T15:00:00.000Z,0.23766857,8.430709816515446,55.45863649994135
2026-10-02T16:00:00.000Z,0.5652796,8.430709816515446,55.45863649994135
2026-10-02T17:00:00.000Z,0.7365482,8.430709816515446,55.45863649994135
2026-10-02T18:00:00.000Z,0.7368469,8.430709816515446,55.45863649994135
2026-10-02T19:00:00.000Z,0.46777534,8.430709816515446,55.45863649994135
2026-10-02T20:00:00.000Z,0.18687725,8.430709816515446,55.45863649994135
2026-10-02T21:00:00.000Z,-0.13750172,8.430709816515446,55.45863649994135
2026-10-02T22:00:00.000Z,-0.46690655,8.430709816515446,55.45863649994135
2026-10-02T23:00:00.000Z,-0.71883297,8.430709816515446,55.45863649994135
2026-10-03T00:00:00.000Z,-0.86722183,8.430709816515446,55.45863649994135
2026-10-03T01:00:00.000Z,-0.60144615,8.430709816515446,55.45863649994135
2026-10-03T02:00:00.000Z,-0.28312206,8.430709816515446,55.45863649994135
2026-10-03T03:00:00.000Z,0.07412243,8.430709816515446,55.45863649994135
2026-10-03T04:00:00.000Z,0.42268974,8.430709816515446,55.45863649994135
2026-10-03T05:00:00.000Z,0.6367225,8.430709816515446,55.45863649994135
2026-10-03T06:00:00.000Z,0.713006,8.430709816515446,55.45863649994135
2026-10-03T07:00:00.000Z,0.561018,8.430709816515446,55.45863649994135
2026-10-03T08:00:00.000Z,0.30386734,8.430709816515446,55.45863649994135
2026-10-03T09:00:00.000Z,0.02627945,8.430709816515446,55.45863649994135
2026-10-03T10:00:00.000Z,-0.30008888,8.430709816515446,55.45863649994135
2026-10-03T11:00:00.000Z,-0.58895206,8.430709816515446,55.45863649994135
2026-10-03T12:00:00.000Z,-0.7894697,8.430709816515446,55.45863649994135
2026-10-03T13:00:00.000Z,-0.75564194,8.430709816515446,55.45863649994135
2026-10-03T14:00:00.000Z,-0.39897346,8.430709816515446,55.45863649994135
2026-10-03T15:00:00.000Z,-0.018213272,8.430709816515446,55.45863649994135
2026-10-03T16:00:00.000Z,0.3912896,8.430709816515446,55.45863649994135
2026-10-03T17:00:00.000Z,0.69205856,8.430709816515446,55.45863649994135
2026-10-03T18:00:00.000Z,0.88180757,8.430709816515446,55.45863649994135
2026-10-03T19:00:00.000Z,0.8689098,8.430709816515446,55.45863649994135
2026-10-03T20:00:00.000Z,0.6281688,8.430709816515446,55.45863649994135
2026-10-03T21:00:00.000Z,0.3764572,8.430709816515446,55.45863649994135
2026-10-03T22:00:00.000Z,0.08097935,8.430709816515446,55.45863649994135
2026-10-03T23:00:00.000Z,-0.1978035,8.430709816515446,55.45863649994135
2026-10-04T00:00:00.000Z,-0.4228201,8.430709816515446,55.45863649994135
2026-10-04T01:00:00.000Z,-0.5043745,8.430709816515446,55.45863649994135
2026-10-04T02:00:00.000Z,-0.2880081,8.430709816515446,55.45863649994135
2026-10-04T03:00:00.000Z,0.01726687,8.430709816515446,55.45863649994135
2026-10-04T04:00:00.000Z,0.34081072,8.430709816515446,55.45863649994135
2026-10-04T05:00:00.000Z,0.6117612,8.430709816515446,55.45863649994135
2026-10-04T06:00:00.000Z,0.782268,8.430709816515446,55.45863649994135
2026-10-04T07:00:00.000Z,0.78803444,8.430709816515446,55.45863649994135
2026-10-04T08:00:00.000Z,0.5494051,8.430709816515446,55.45863649994135
2026-10-04T09:00:00.000Z,0.29973793,8.430709816515446,55.45863649994135
2026-10-04T10:00:00.000Z,0.0146455765,8.430709816515446,55.45863649994135
2026-10-04T11:00:00.000Z,-0.2920313,8.430709816515446,55.45863649994135
2026-10-04T12:00:00.000Z,-0.56313133,8.430709816515446,55.45863649994135
2026-10-04T13:00:00.000Z,-0.7498169,8.430709816515446,55.45863649994135
2026-10-04T14:00:00.000Z,-0.77664566,8.430709816515446,55.45863649994135
2026-10-04T15:00:00.000Z,-0.5158529,8.430709816515446,55.45863649994135
2026-10-04T16:00:00.000Z,-0.19539315,8.430709816515446,55.45863649994135
2026-10-04T17:00:00.000Z,0.19064736,8.430709816515446,55.45863649994135
2026-10-04T18:00:00.000Z,0.49016464,8.430709816515446,55.45863649994135
2026-10-04T19:00:00.000Z,0.6510581,8.430709816515446,55.45863649994135
2026-10-04T20:00:00.000Z,0.70821893,8.430709816515446,55.45863649994135
2026-10-04T21:00:00.000Z,0.55829626,8.430709816515446,55.45863649994135
2026-10-04T22:00:00.000Z,0.37893528,8.430709816515446,55.45863649994135
2026-10-04T23:00:00.000Z,0.14335442,8.430709816515446,55.45863649994135
2026-10-05T00:00:00.000Z,-0.1048069,8.430709816515446,55.45863649994135
2026-10-05T01:00:00.000Z,-0.29912663,8.430709816515446,55.45863649994135
2026-10-05T02:00:00.000Z,-0.36073202,8.430709816515446,55.45863649994135
2026-10-05T03:00:00.000Z,-0.17290878,8.430709816515446,55.45863649994135
2026-10-05T04:00:00.000Z,0.10756582,8.430709816515446,55.45863649994135
2026-10-05T05:00:00.000Z,0.43310338,8.430709816515446,55.45863649994135
2026-10-05T06:00:00.000Z,0.7409828,8.430709816515446,55.45863649994135
2026-10-05T07:00:00.000Z,0.98000944,8.430709816515446,55.45863649994135
2026-10-05T08:00:00.000Z,1.0716443,8.430709816515446,55.45863649994135
2026-10-05T09:00:00.000Z,0.91308063,8.430709816515446,55.45863649994135
2026-10-05T10:00:00.000Z,0.6826173,8.430709816515446,55.45863649994135
2026-10-05T11:00:00.000Z,0.41996956,8.430709816515446,55.45863649994135
2026-10-05T12:00:00.000Z,0.14461613,8.430709816515446,55.45863649994135
2026-10-05T13:00:00.000Z,-0.10016155,8.430709816515446,55.45863649994135
2026-10-05T14:00:00.000Z,-0.2848606,8.430709816515446,55.45863649994135
2026-10-05T15:00:00.000Z,-0.3234502,8.430709816515446,55.45863649994135
2026-10-05T16:00:00.000Z,-0.20568949,8.430709816515446,55.45863649994135
2026-10-05T17:00:00.000Z,0.012929738,8.430709816515446,55.45863649994135
2026-10-05T18:00:00.000Z,0.31794178,8.430709816515446,55.45863649994135
2026-10-05T19:00:00.000Z,0.61547,8.430709816515446,55.45863649994135
2026-10-05T20:00:00.000Z,0.8269932,8.430709816515446,55.45863649994135
2026-10-05T21:00:00.000Z,0.9099662,8.430709816515446,55.45863649994135
2026-10-05T22:00:00.000Z,0.77087146,8.430709816515446,55.45863649994135
2026-10-05T23:00:00.000Z,0.58143485,8.430709816515446,55.45863649994135
2026-10-06T00:00:00.000Z,0.36293423,8.430709816515446,55.45863649994135
2026-10-06T01:00:00.000Z,0.12772977,8.430709816515446,55.45863649994135
2026-10-06T02:00:00.000Z,-0.07213116,8.430709816515446,55.45863649994135
2026-10-06T03:00:00.000Z,-0.18769598,8.430709816515446,55.45863649994135
2026-10-06T04:00:00.000Z,-0.08782369,8.430709816515446,55.45863649994135
2026-10-06T05:00:00.000Z,0.1301691,8.430709816515446,55.45863649994135
2026-10-06T06:00:00.000Z,0.39596373,8.430709816515446,55.45863649994135
2026-10-06T07:00:00.000Z,0.6718266,8.430709816515446,55.45863649994135
2026-10-06T08:00:00.000Z,0.9312303,8.430709816515446,55.45863649994135
2026-10-06T09:00:00.000Z,1.0618787,8.430709816515446,55.45863649994135
2026-10-06T10:00:00.000Z,0.98323095,8.430709816515446,55.45863649994135
2026-10-06T11:00:00.000Z,0.7419741,8.430709816515446,55.45863649994135
2026-10-06T12:00:00.000Z,0.46002293,8.430709816515446,55.45863649994135
2026-10-06T13:00:00.000Z,0.1501894,8.430709816515446,55.45863649994135
2026-10-06T14:00:00.000Z,-0.14332485,8.430709816515446,55.45863649994135
2026-10-06T15:00:00.000Z,-0.3891878,8.430709816515446,55.45863649994135
2026-10-06T16:00:00.000Z,-0.549242,8.430709816515446,55.45863649994135
2026-10-06T17:00:00.000Z,-0.5720444,8.430709816515446,55.45863649994135
2026-10-06T18:00:00.000Z,-0.4356261,8.430709816515446,55.45863649994135
